URL,Version,Status,OIDs,Name,Title,Description,Used
https://bih-cei.github.io/PCOR-MII/CodeSystem/ansocq-gedanken,0.3.0,draft,,AnsocqGedankenCS,ANSOCQ Item 14 — Gedanken an Nahrung und Gewicht (Codes),"Fünf Feststellungen des ANSOCQ-Items 14 (Zeit mit Gedanken an Nahrung und Gewicht), Stadien 1-5. ordinalValue-Property je Konzept.","ValueSet/ansocq-gedanken-vs"
https://bih-cei.github.io/PCOR-MII/CodeSystem/ansocq-koerperteile,0.3.0,draft,,AnsocqKoerperteileCS,ANSOCQ Item 3 — Körperteile (Codes),"Fünf Feststellungen des ANSOCQ-Items 3 (Körperteile bei Gewichtszunahme), Stadien 1-5. ordinalValue-Property je Konzept. Jedes Item trägt in `item.code` seine PCOR-MII-Dictionary-Variable — das ist der PCOR-MII-Code des Items. Hier stimmt sie mit der Itemnummer überein.","ValueSet/ansocq-koerperteile-vs"
https://bih-cei.github.io/PCOR-MII/CodeSystem/dem-antwort,0.3.0,draft,,DemAntwortCS,DEM Antwortoptionen (Ja/Nein/Nicht zutreffend/Keine Angabe),"Gemeinsames CodeSystem für die Ja/Nein-Items des DEM. Frage-spezifische Subsets über ValueSets (DemJaNeinVS / DemJaNeinNzVS / DemJaNeinKaVS). SNOMED-Mapping: ja=373066001 (Yes), nein=373067005 (No).","ValueSet/dem-ja-nein-ka-vs,ValueSet/dem-ja-nein,ValueSet/dem-ja-nein-nz-vs"
https://bih-cei.github.io/PCOR-MII/CodeSystem/dem-beziehungsstatus,0.3.0,draft,,DemBeziehungsstatusCS,DEM Beziehungsstatus (Codes),"Partnerschaftsstatus (GIPS04).","ValueSet/dem-beziehungsstatus-vs"
https://bih-cei.github.io/PCOR-MII/CodeSystem/dem-einkommen,0.3.0,draft,,DemEinkommenCS,DEM Haushaltseinkommen (Bänder),"Netto-Haushaltseinkommen in Kategorien (Q_OECDLIT7a). Die ursprüngliche deutsche Übersetzung liegt in de-CH vor (Schweizer PaRIS-Fassung, Bänder bis CHF 3630 / zwischen CHF 3630 und CHF 6050 / ab CHF 6050 pro Monat). Für PCOR-MII sind die Bänder auf deutsche Gehaltsdaten angepasst: EUR-Terzile nach IW Köln (Institut der deutschen Wirtschaft, Niehues/Stockhausen). Das ist KEINE Währungsumrechnung, sondern eine eigenständige Skala — CHF 3630 entspräche grob 3.800 EUR, nicht 2.300 EUR. Weil der Wortlaut damit deutsch und nicht schweizerisch ist, tragen die Designations hier de-DE; die übrigen DEM-Antwortskalen behalten ihren Schweizer Wortlaut nach ADR-005 bewusst bei.","ValueSet/dem-einkommen-vs"
https://bih-cei.github.io/PCOR-MII/CodeSystem/dem-erwerbsstatus,0.3.0,draft,,DemErwerbsstatusCS,DEM Erwerbsstatus (OECD),"Aktuelle Arbeitssituation nach OECD Measuring Financial Literacy (Q_OECDLIT5a).","ValueSet/dem-erwerbsstatus-vs"
https://bih-cei.github.io/PCOR-MII/CodeSystem/dem-geschlecht,0.3.0,draft,,DemGeschlechtCS,DEM Geschlecht (Selbstbeschreibung),"Selbstbeschriebenes Geschlecht (Q_SEX). HINWEIS: Im MII-Kontext bevorzugt an das MII-Person-Modul (Geschlecht / gender-amtlich-de) angleichen.","ValueSet/dem-geschlecht-vs"
https://bih-cei.github.io/PCOR-MII/CodeSystem/dem-haeufigkeit-5,0.3.0,draft,,DemHaeufigkeit5CS,DEM Häufigkeit (5-stufig) (Codes),"5-stufige Häufigkeitsskala für finanzielle Sorgen (MONMEAL/MONRENT/MONBILLS). Quelle: Commonwealth Fund 2017.","ValueSet/dem-haeufigkeit-5-vs"
https://bih-cei.github.io/PCOR-MII/CodeSystem/dem-isced-de,0.3.0,draft,,DemIscedCS,DEM Bildungsabschluss (ISCED-2011/KMK),"Höchster Bildungsabschluss nach ISCED-2011 / KMK-Systematik (Q_ISCED).","ValueSet/dem-isced-vs"
https://bih-cei.github.io/PCOR-MII/CodeSystem/dem-leichtigkeit-6,0.3.0,draft,,DemLeichtigkeit6CS,DEM Leichtigkeit Unterstützung (6-stufig) (Codes),"Skala zur erlebten Leichtigkeit, Unterstützung zu erhalten (WHODIS1/WHODIS2).","ValueSet/dem-leichtigkeit-6-vs"
https://bih-cei.github.io/PCOR-MII/CodeSystem/dem-rentenstatus,0.3.0,draft,,DemRentenstatusCS,DEM Rentenstatus (Codes),"Rentenstatus (GIPS10).","ValueSet/dem-rentenstatus-vs"
https://bih-cei.github.io/PCOR-MII/CodeSystem/dem-urbanizitaet,0.3.0,draft,,DemUrbanizitaetCS,DEM Urbanizität (Codes),"Beschreibung des Wohnorts (Q_OECDLITii).","ValueSet/dem-urbanizitaet-vs"
https://bih-cei.github.io/PCOR-MII/CodeSystem/dem-zigaretten-band,0.3.0,draft,,DemZigarettenBandCS,DEM Zigaretten pro Tag (Bänder),"Anzahl Zigaretten pro Tag in Bändern (GIPS57b).","ValueSet/dem-zigaretten-band-vs"
https://bih-cei.github.io/PCOR-MII/CodeSystem/ede-q6-tage,0.3.0,draft,,EdeQ6TageCS,EDE-Q6 Häufigkeit in 28 Tagen (Codes),"7-stufige Häufigkeitsskala der EDE-Q-Items über die letzten 28 Tage (0 = kein Tag ... 6 = jeden Tag). ordinalValue-Property je Konzept für SDC-Scoring via .ordinal(). Jedes Item trägt in `item.code` seine PCOR-MII-Dictionary-Variable — das ist der PCOR-MII-Code des Items. Hier stimmt sie mit der Itemnummer überein.","ValueSet/ede-q6-tage-vs"
https://bih-cei.github.io/PCOR-MII/CodeSystem/mhi-an-subtyp,0.3.0,draft,,MhiAnSubtypCS,MHI Anorexia-nervosa-Subtyp (Codes),"Subtyp der Anorexia nervosa (AN_subtyp).","ValueSet/mhi-an-subtyp-vs"
https://bih-cei.github.io/PCOR-MII/CodeSystem/mhi-chronisch,0.3.0,draft,,MhiChronischCS,MHI Chronische Erkrankungen (GIPS13) (Codes),"Liste chronischer Erkrankungen (GIPS13, Mehrfachauswahl).","ValueSet/mhi-chronisch-vs"
https://bih-cei.github.io/PCOR-MII/CodeSystem/mhi-cpcor-diag,0.3.0,draft,,MhiCpcorDiagCS,MHI Diagnosegruppe (CPCOR) (Codes),"Diagnosegruppe zur Selbstzuordnung (CPCOR-DIAG).","ValueSet/mhi-cpcor-diag-vs"
https://bih-cei.github.io/PCOR-MII/CodeSystem/mhi-einnahmezeit,0.3.0,draft,,MhiEinnahmezeitCS,MHI Einnahmezeitpunkt Medikament (Codes),"Tageszeit der Medikamenteneinnahme (medi_02_time).","ValueSet/mhi-einnahmezeit-vs"
https://bih-cei.github.io/PCOR-MII/CodeSystem/mhi-gewicht-angabe,0.3.0,draft,,MhiGewichtAngabeCS,MHI Gewichtsangabe (Codes),"Einheit/Angabe-Status für Gewicht (Q_WB151).","ValueSet/mhi-gewicht-angabe-vs"
https://bih-cei.github.io/PCOR-MII/CodeSystem/mhi-gewichtsmethode,0.3.0,draft,,MhiGewichtsmethodeCS,MHI Gewichtsmessung Methode (Codes),"Wie wurde das Gewicht ermittelt? (weight_outpatient_2).","ValueSet/mhi-gewichtsmethode-vs"
https://bih-cei.github.io/PCOR-MII/CodeSystem/mhi-groesse-angabe,0.3.0,draft,,MhiGroesseAngabeCS,MHI Größenangabe (Codes),"Einheit/Angabe-Status für Körpergröße (Q_WB152).","ValueSet/mhi-groesse-angabe-vs"
https://bih-cei.github.io/PCOR-MII/CodeSystem/opd-sfk-antwort,0.3.0,draft,,OpdSfkAntwortCS,OPD-SFK Antwortskala (Codes),"5-stufige Antwortskala des OPD-SFK (0 = trifft gar nicht zu ... 4 = trifft völlig zu). ordinalValue-Property je Konzept für SDC-Summenscoring via .ordinal().","ValueSet/opd-sfk-antwort-vs"
https://bih-cei.github.io/PCOR-MII/CodeSystem/pcor-example-general-health,0.3.0,draft,,PcorExampleGeneralHealthCS,PCOR Example General Health Self-Assessment,"Lokales CodeSystem mit der 5-stufigen Selbsteinschätzung der allgemeinen Gesundheit. Dient ausschließlich dem Beispiel-Questionnaire.","ValueSet/pcor-example-general-health"
https://bih-cei.github.io/PCOR-MII/CodeSystem/pcor-item-dictionary,0.3.0,draft,,PcorItemDictionaryCS,PCOR-MII Item Level Dictionary — Variablen-IDs,"Variablen-IDs des PCOR-MII Item Level Dictionary als Codes, damit sich ein flach erhobener Datensatz maschinell auf die Instrumenten-Questionnaires verteilen lässt (ADR-011). Jedes Item trägt seine Variable in `item.code`; die Zuordnung ist damit eine Nachschlage-Operation und keine Abbildung. Enthält nur die modellierten Variablen — `content = fragment`.",
https://bih-cei.github.io/PCOR-MII/CodeSystem/pcor-score-catalogue,0.3.0,draft,,PcorScoreCatalogueCS,PCOR-MII Score-Katalog (Codes),"Lokaler Score-Katalog für PCOR-MII. Enthält ausschließlich Scores, für die weder LOINC noch SNOMED CT noch der MII-Score-Katalog (mii-cs-pro-score-catalogue) einen Code führen. Sobald ein Score upstream einen Code erhält, wird dieser in der jeweiligen ObservationDefinition als zusätzliches code.coding ergänzt; der lokale Code bleibt als stabile Referenz bestehen.",
https://bih-cei.github.io/PCOR-MII/CodeSystem/ssuk-antwort,0.3.0,draft,,SsukAntwortCS,SSUK Antwortskala (Codes),"5-stufige Häufigkeitsskala der SSUK (0 = nie ... 4 = immer). ordinalValue-Property je Konzept. Jedes Item trägt in `item.code` seine PCOR-MII-Dictionary-Variable — das ist der PCOR-MII-Code des Items. Hier stimmt sie mit der Itemnummer überein.","ValueSet/ssuk-antwort-vs"
https://bih-cei.github.io/PCOR-MII/CodeSystem/ukhd-an-arztbesuche,0.3.0,draft,,UkhdAnArztbesucheCS,UKHD-AN Arztbesuche in den letzten 4 Wochen (Codes),"Vierstufige Häufigkeitsskala der Arztbesuche in den letzten vier Wochen (`bdkm16`). `ordinalValue`-Property je Konzept — die Werte sind die Dictionary-Codes 1–4 und damit Rangplätze, **nicht** Besuchszahlen (`gar nicht` = 1, nicht 0).","ValueSet/ukhd-an-arztbesuche-vs"
https://bih-cei.github.io/PCOR-MII/CodeSystem/ukhd-an-behandlungsstatus,0.3.0,draft,,UkhdAnBehandlungsstatusCS,UKHD-AN Aktueller Behandlungsstatus (Codes),"Vier Stufen des aktuellen psychotherapeutischen Behandlungsstatus (`treatment_outpatient`). Bewusst ohne `ordinalValue`: Die Skala mischt Behandlungsstatus (Stufen 1/2) und Setting (Stufen 3/4).","ValueSet/ukhd-an-behandlungsstatus-vs"
https://bih-cei.github.io/PCOR-MII/CodeSystem/ukhd-an-bmi-angabe,0.3.0,draft,,UkhdAnBmiAngabeCS,UKHD-AN Niedrigster BMI — Angabe-Status (Codes),"Angabe-Status für den niedrigsten BMI (`lowBMI`): Wert wird angegeben oder „weiß ich nicht“. Der Zahlenwert steht im Hilfsitem `lowBMI-wert`.","ValueSet/ukhd-an-bmi-angabe-vs"
https://bih-cei.github.io/PCOR-MII/CodeSystem/ukhd-an-dauer-angabe,0.3.0,draft,,UkhdAnDauerAngabeCS,UKHD-AN Dauer der Essstoerung — Einheit/Angabe-Status (Codes),"Einheit bzw. Angabe-Status für die Dauer der Essstörung (`AN_biography`): Monate, Jahre oder „weiß ich nicht“. Der Zahlenwert steht im Hilfsitem `AN_biography-wert`.","ValueSet/ukhd-an-dauer-angabe-vs"
https://bih-cei.github.io/PCOR-MII/CodeSystem/ukhd-an-ereignishaeufigkeit,0.3.0,draft,,UkhdAnEreignishaeufigkeitCS,UKHD-AN Ereignis einmalig oder wiederholt (Codes),"Einmaliges oder wiederholtes Ereignis (`traumaspecific1`, `traumaspecific3`, `traumaspecific5`), `ordinalValue` 1–2. Die Displays sind Satzfragmente, die den Itemtext fortsetzen — so im Item Level Dictionary.","ValueSet/ukhd-an-ereignishaeufigkeit-vs"
https://bih-cei.github.io/PCOR-MII/CodeSystem/ukhd-an-ereigniszeitpunkt,0.3.0,draft,,UkhdAnEreigniszeitpunktCS,UKHD-AN Ereignis vor oder nach Beginn der Essstoerung (Codes),"Zeitliche Lage des Ereignisses relativ zu den ersten Anzeichen der Essstörung (`traumaspecific2`, `traumaspecific4`, `traumaspecific6`). Nominal — bewusst ohne `ordinalValue`; Stufe 3 ist eine erhobene Nicht-Antwort.","ValueSet/ukhd-an-ereigniszeitpunkt-vs"
https://bih-cei.github.io/PCOR-MII/CodeSystem/ukhd-an-psychotherapie,0.3.0,draft,,UkhdAnPsychotherapieCS,UKHD-AN Psychotherapeutische Behandlung, frueher/aktuell (Codes),"Drei Zeitbezüge der psychotherapeutischen Behandlung (`bdkm15`): noch nie, früher, zurzeit. Nominale Skala — bewusst ohne `ordinalValue`.","ValueSet/ukhd-an-psychotherapie-vs"
https://bih-cei.github.io/PCOR-MII/CodeSystem/wai-skala-5,0.3.0,draft,,WaiSkala5CS,WAI Antwortskala 5-stufig (Codes),"Neutral benannte 5-stufige Antwortskala für WAI02a/WAI02b (Selbsteinschätzung der Arbeitsfähigkeit bzgl. körperlicher/psychischer Arbeitsanforderungen). METADATA-ONLY: Konzeptbezeichnungen sind bewusst neutral (Stufe 1-5) statt der Original-Itembezeichnungen, da die Publikationsrechte am WAI ungeklärt sind. Stufe 5 = bester Wert, Stufe 1 = schlechtester Wert. ordinalValue-Property je Konzept ermöglicht Scoring.","ValueSet/wai-skala-5-vs"
