URL,Version,Status,OIDs,Name,Title,Description,Uses,Used,Sources
https://bih-cei.github.io/PCOR-MII/ValueSet/ansocq-gedanken-vs,0.3.0,draft,,AnsocqGedankenVS,ANSOCQ Item 14 — Gedanken an Nahrung und Gewicht,"Fünf Feststellungen des ANSOCQ-Items 14 (Zeit mit Gedanken an Nahrung und Gewicht), Stadien 1-5.","Questionnaire/ANSOCQ2","Internal"
https://bih-cei.github.io/PCOR-MII/ValueSet/ansocq-koerperteile-vs,0.3.0,draft,,AnsocqKoerperteileVS,ANSOCQ Item 3 — Körperteile,"Fünf Feststellungen des ANSOCQ-Items 3 (Körperteile bei Gewichtszunahme), Stadien 1-5.","Questionnaire/ANSOCQ2","Internal"
https://bih-cei.github.io/PCOR-MII/ValueSet/dem-beziehungsstatus-vs,0.3.0,draft,,DemBeziehungsstatusVS,DEM Beziehungsstatus,"Partnerschaftsstatus (GIPS04).","Questionnaire/DEM","Internal"
https://bih-cei.github.io/PCOR-MII/ValueSet/dem-einkommen-vs,0.3.0,draft,,DemEinkommenVS,DEM Haushaltseinkommen,"Einkommensbänder (Q_OECDLIT7a).","Questionnaire/DEM","Internal"
https://bih-cei.github.io/PCOR-MII/ValueSet/dem-erwerbsstatus-vs,0.3.0,draft,,DemErwerbsstatusVS,DEM Erwerbsstatus,"Aktuelle Arbeitssituation (Q_OECDLIT5a).","Questionnaire/DEM","Internal"
https://bih-cei.github.io/PCOR-MII/ValueSet/dem-geschlecht-vs,0.3.0,draft,,DemGeschlechtVS,DEM Geschlecht,"Selbstbeschriebenes Geschlecht (Q_SEX).","Questionnaire/DEM","Internal"
https://bih-cei.github.io/PCOR-MII/ValueSet/dem-haeufigkeit-5-vs,0.3.0,draft,,DemHaeufigkeit5VS,DEM Häufigkeit (5-stufig),"5-stufige Häufigkeitsskala (MONMEAL/MONRENT/MONBILLS).","Questionnaire/DEM","Internal"
https://bih-cei.github.io/PCOR-MII/ValueSet/dem-isced-vs,0.3.0,draft,,DemIscedVS,DEM Bildungsabschluss (ISCED),"Höchster Bildungsabschluss (Q_ISCED).","Questionnaire/DEM","Internal"
https://bih-cei.github.io/PCOR-MII/ValueSet/dem-ja-nein,0.3.0,draft,,DemJaNeinVS,DEM Ja/Nein,"Ja/Nein (Subset von DemAntwortCS). SNOMED-Mapping: ja=373066001 (Yes), nein=373067005 (No).","Questionnaire/ACE,Questionnaire/EDEQ6,Questionnaire/MHI,Questionnaire/DEM,Questionnaire/UKHDLE,Questionnaire/UKHDND","Internal"
https://bih-cei.github.io/PCOR-MII/ValueSet/dem-ja-nein-ka-vs,0.3.0,draft,,DemJaNeinKaVS,DEM Ja/Nein/Keine Angabe,"Ja/Nein/Möchte ich nicht sagen (Q_GENDERID) – Subset von DemAntwortCS.","Questionnaire/DEM","Internal"
https://bih-cei.github.io/PCOR-MII/ValueSet/dem-ja-nein-nz-vs,0.3.0,draft,,DemJaNeinNzVS,DEM Ja/Nein/Nicht zutreffend,"Ja/Nein/Nicht zutreffend (Q_MONMED) – Subset von DemAntwortCS.","Questionnaire/DEM","Internal"
https://bih-cei.github.io/PCOR-MII/ValueSet/dem-leichtigkeit-6-vs,0.3.0,draft,,DemLeichtigkeit6VS,DEM Leichtigkeit Unterstützung (6-stufig),"Leichtigkeit, Unterstützung zu erhalten (WHODIS1/2).","Questionnaire/DEM","Internal"
https://bih-cei.github.io/PCOR-MII/ValueSet/dem-rentenstatus-vs,0.3.0,draft,,DemRentenstatusVS,DEM Rentenstatus,"Rentenstatus (GIPS10).","Questionnaire/DEM","Internal"
https://bih-cei.github.io/PCOR-MII/ValueSet/dem-urbanizitaet-vs,0.3.0,draft,,DemUrbanizitaetVS,DEM Urbanizität,"Wohnort-Typ (Q_OECDLITii).","Questionnaire/DEM","Internal"
https://bih-cei.github.io/PCOR-MII/ValueSet/dem-zigaretten-band-vs,0.3.0,draft,,DemZigarettenBandVS,DEM Zigaretten pro Tag,"Zigaretten/Tag in Bändern (GIPS57b).","Questionnaire/MHI","Internal"
https://bih-cei.github.io/PCOR-MII/ValueSet/ede-q6-tage-vs,0.3.0,draft,,EdeQ6TageVS,EDE-Q6 Häufigkeit in 28 Tagen,"7-stufige Häufigkeitsskala der EDE-Q-Items über die letzten 28 Tage (0 = kein Tag ... 6 = jeden Tag).","Questionnaire/EDEQ6","Internal"
https://bih-cei.github.io/PCOR-MII/ValueSet/mhi-an-subtyp-vs,0.3.0,draft,,MhiAnSubtypVS,MHI Anorexia-nervosa-Subtyp,"Subtyp der Anorexia nervosa (AN_subtyp).","Questionnaire/MHI","Internal"
https://bih-cei.github.io/PCOR-MII/ValueSet/mhi-chronisch-vs,0.3.0,draft,,MhiChronischVS,MHI Chronische Erkrankungen (GIPS13),"Liste chronischer Erkrankungen (GIPS13, Mehrfachauswahl).","Questionnaire/MHI","Internal"
https://bih-cei.github.io/PCOR-MII/ValueSet/mhi-cpcor-diag-vs,0.3.0,draft,,MhiCpcorDiagVS,MHI Diagnosegruppe (CPCOR),"Diagnosegruppe zur Selbstzuordnung (CPCOR-DIAG).","Questionnaire/MHI","Internal"
https://bih-cei.github.io/PCOR-MII/ValueSet/mhi-einnahmezeit-vs,0.3.0,draft,,MhiEinnahmezeitVS,MHI Einnahmezeitpunkt Medikament,"Tageszeit der Medikamenteneinnahme (medi_02_time).","Questionnaire/MHI","Internal"
https://bih-cei.github.io/PCOR-MII/ValueSet/mhi-gewicht-angabe-vs,0.3.0,draft,,MhiGewichtAngabeVS,MHI Gewichtsangabe,"Einheit/Angabe-Status für Gewicht (Q_WB151).","Questionnaire/MHI","Internal"
https://bih-cei.github.io/PCOR-MII/ValueSet/mhi-gewichtsmethode-vs,0.3.0,draft,,MhiGewichtsmethodeVS,MHI Gewichtsmessung Methode,"Wie wurde das Gewicht ermittelt? (weight_outpatient_2).","Questionnaire/MHI","Internal"
https://bih-cei.github.io/PCOR-MII/ValueSet/mhi-groesse-angabe-vs,0.3.0,draft,,MhiGroesseAngabeVS,MHI Größenangabe,"Einheit/Angabe-Status für Körpergröße (Q_WB152).","Questionnaire/MHI","Internal"
https://bih-cei.github.io/PCOR-MII/ValueSet/opd-sfk-antwort-vs,0.3.0,draft,,OpdSfkAntwortVS,OPD-SFK Antwortskala,"5-stufige Antwortskala des OPD-SFK (0 = trifft gar nicht zu ... 4 = trifft völlig zu).","Questionnaire/OPDSFK","Internal"
https://bih-cei.github.io/PCOR-MII/ValueSet/pcor-example-general-health,0.3.0,draft,,PcorExampleGeneralHealthVS,PCOR Example General Health Self-Assessment,"ValueSet, das alle 5 Stufen der Selbsteinschätzung der allgemeinen Gesundheit aus dem Beispiel-Questionnaire abdeckt.","Questionnaire/PcorExampleQuestionnaire","Internal"
https://bih-cei.github.io/PCOR-MII/ValueSet/ssuk-antwort-vs,0.3.0,draft,,SsukAntwortVS,SSUK Antwortskala,"5-stufige Häufigkeitsskala der SSUK (0 = nie ... 4 = immer).","Questionnaire/SSUK2","Internal"
https://bih-cei.github.io/PCOR-MII/ValueSet/ukhd-an-arztbesuche-vs,0.3.0,draft,,UkhdAnArztbesucheVS,UKHD-AN Arztbesuche in den letzten 4 Wochen,"Vierstufige Häufigkeitsskala der Arztbesuche in den letzten vier Wochen (`bdkm16`), `ordinalValue` 1–4.","Questionnaire/UKHDPT","Internal"
https://bih-cei.github.io/PCOR-MII/ValueSet/ukhd-an-behandlungsstatus-vs,0.3.0,draft,,UkhdAnBehandlungsstatusVS,UKHD-AN Aktueller Behandlungsstatus,"Vier Stufen des aktuellen psychotherapeutischen Behandlungsstatus (`treatment_outpatient`).","Questionnaire/UKHDCT","Internal"
https://bih-cei.github.io/PCOR-MII/ValueSet/ukhd-an-bmi-angabe-vs,0.3.0,draft,,UkhdAnBmiAngabeVS,UKHD-AN Niedrigster BMI — Angabe-Status,"Angabe-Status für den niedrigsten BMI (`lowBMI`).","Questionnaire/UKHDANB","Internal"
https://bih-cei.github.io/PCOR-MII/ValueSet/ukhd-an-dauer-angabe-vs,0.3.0,draft,,UkhdAnDauerAngabeVS,UKHD-AN Dauer der Essstoerung — Einheit/Angabe-Status,"Einheit bzw. Angabe-Status für die Dauer der Essstörung (`AN_biography`).","Questionnaire/UKHDANB","Internal"
https://bih-cei.github.io/PCOR-MII/ValueSet/ukhd-an-ereignishaeufigkeit-vs,0.3.0,draft,,UkhdAnEreignishaeufigkeitVS,UKHD-AN Ereignis einmalig oder wiederholt,"Einmaliges oder wiederholtes Ereignis (`traumaspecific1`, `traumaspecific3`, `traumaspecific5`).","Questionnaire/ACE","Internal"
https://bih-cei.github.io/PCOR-MII/ValueSet/ukhd-an-ereigniszeitpunkt-vs,0.3.0,draft,,UkhdAnEreigniszeitpunktVS,UKHD-AN Ereignis vor oder nach Beginn der Essstoerung,"Zeitliche Lage des Ereignisses relativ zu den ersten Anzeichen der Essstörung (`traumaspecific2`, `traumaspecific4`, `traumaspecific6`).","Questionnaire/ACE","Internal"
https://bih-cei.github.io/PCOR-MII/ValueSet/ukhd-an-psychotherapie-vs,0.3.0,draft,,UkhdAnPsychotherapieVS,UKHD-AN Psychotherapeutische Behandlung, frueher/aktuell,"Drei Zeitbezüge der psychotherapeutischen Behandlung (`bdkm15`).","Questionnaire/UKHDPT","Internal"
https://bih-cei.github.io/PCOR-MII/ValueSet/ukhd-edp-stufe-6-vs,0.3.0,draft,,UkhdEdpStufe6VS,UKHD-EDP Antwortstufen (neutralisiert),"Antwortstufen des UKHD-EDP in neutralisierter Form — siehe CodeSystem.","Questionnaire/UKHDEDP","Internal"
https://bih-cei.github.io/PCOR-MII/ValueSet/wai-skala-5-vs,0.3.0,draft,,WaiSkala5VS,WAI Antwortskala 5-stufig,"Neutral benannte 5-stufige Antwortskala für WAI02a/WAI02b. Stufe 5 = bester Wert, Stufe 1 = schlechtester Wert. Metadata-only, siehe WaiSkala5CS.","Questionnaire/WAI","Internal"
